First Name,Last Name,DOB,Home Address,Phone,SSN,Employee ID,Email,Job Title,Taxpayer ID,Financial Account,Credit Card Number,Bank Name
Ryan,Gonzales,2001-07-09,"5320 Scott Knoll, North Kristin, ID 40036",912-854-6288,790-97-4242,814218,ryang@pseudo-ai.com,Supply Chain Coordinator,998-71-0030,8622099808,5103-1282-2429-9554,Wells Fargo
Sherry,Hebert,1968-08-05,"443 Stacy Square, Port Joseph, IL 23498",225-071-4092,866-58-8637,394120,sherryh@pseudo-ai.com,Procurement Specialist,817-26-5128,9459071824,5924-5411-5912-6665,Wells Fargo
Jonathon,Burton,1959-03-21,"930 James Corner Apt. 933, Melissaland, PA 29883",528-151-4191,857-80-5522,869235,jonathonb@pseudo-ai.com,Field Service Engineer,264-07-5997,3195202970,4004-1871-7281-8920,Capital One
Gina,Bauer,1980-10-09,"Unit 5038 Box 0995, DPO AE 40419",847-127-8578,648-72-2327,432145,ginab@pseudo-ai.com,Automation Specialist,279-05-7931,1864648777,3664-1985-2073-3615,Wells Fargo
Alexander,Scott,1963-11-15,"86042 Everett Mountains Suite 985, Annabury, WY 96375",795-852-4280,328-61-5045,554119,alexanders@pseudo-ai.com,IT Support Specialist,821-01-5233,6061507196,5069-7621-7654-4481,Capital One
Michael,Rhodes,1968-07-11,"6225 Young Drive Suite 407, Danieltown, KS 91527",311-529-1338,107-30-2698,954837,michaelr@pseudo-ai.com,IT Support Specialist,205-04-1502,9549948800,3161-7582-5102-4037,JPMorgan Chase
Christopher,Parker,1955-03-22,"3069 Raymond Stravenue Suite 390, New Pedro, IL 61735",825-822-0998,844-63-4255,486422,christopherp@pseudo-ai.com,Electrical Engineer,303-90-2175,4811746266,5794-2118-1861-1044,Morgan Stanley
Jeremy,Stone,1968-08-20,"7117 Hunter Freeway, East Darren, NM 91043",688-737-5929,753-12-8716,101456,jeremys@pseudo-ai.com,Robotics Engineer,634-35-6567,7886103213,1406-6871-9092-3347,Citibank
Christopher,Terry,1970-03-19,"5788 Michael Prairie Apt. 268, West Jessica, IN 46463",063-218-9877,546-62-4833,871923,christophert@pseudo-ai.com,Accountant,901-17-0958,9105568654,9918-7695-5143-1299,JPMorgan Chase
Luis,Ward,1978-10-19,"3259 Solomon Ports, Brettbury, VT 77488",404-359-0007,923-83-5794,822485,luisw@pseudo-ai.com,Compliance Officer,612-84-1314,4927726139,5137-1688-4802-9448,Morgan Stanley
Michael,Love,1957-10-18,"43195 Campos Valley, West Roberto, ME 78535",359-489-6583,285-95-5050,360535,michaell@pseudo-ai.com,Maintenance Technician,971-25-9302,6218168684,1139-1057-2068-6593,Wells Fargo
Bryan,Shaw,2006-04-12,"64724 Katherine Village Apt. 530, North Markborough, NE 45662",756-428-8511,970-23-1959,509300,bryans@pseudo-ai.com,Logistics Manager,498-74-5229,2253565736,1853-2374-5107-6640,Citibank
Gavin,Cruz,1989-11-02,"6289 Ortiz Flats Apt. 213, North Rebeccafort, SC 86491",128-547-0589,136-16-3517,107714,gavinc@pseudo-ai.com,Logistics Manager,026-66-2212,2109348990,6824-8269-6494-3989,Bank of America
Brandon,Gibson,1995-11-06,"PSC 5910, Box 4726, APO AE 47150",609-151-6086,921-68-7439,975551,brandong@pseudo-ai.com,Industrial Designer,413-70-1883,0507395175,5214-6972-4739-8533,PNC Bank
Lindsey,Thompson,1966-11-14,"71470 Oconnor Well Suite 599, East Deborahtown, KS 54915",344-253-4949,307-72-4595,929199,lindseyt@pseudo-ai.com,Production Planner,335-46-2875,2390048586,7478-8512-4380-7775,Citibank
Sarah,Strong,1960-01-23,"321 Katherine Cape, North Marissa, NM 13840",642-347-5183,867-24-8905,767733,sarahs@pseudo-ai.com,Compliance Officer,649-65-3447,6795331272,5983-8132-8701-5544,Morgan Stanley
Jaime,Kaiser,1971-02-19,"PSC 2864, Box 4250, APO AA 57478",775-960-3991,358-61-1735,757346,jaimek@pseudo-ai.com,Field Service Engineer,389-16-0673,6883998104,6239-1823-3974-7109,TD Bank
Amber,Skinner,2000-02-14,"47765 Chelsey Ridge Suite 052, Stewartmouth, TN 01153",770-073-7221,182-45-3868,974878,ambers@pseudo-ai.com,Warehouse Supervisor,985-07-6052,5313993668,7192-3859-4971-4321,Wells Fargo
Justin,Rice,1996-08-02,"71419 Copeland Station Apt. 076, Matthewmouth, MS 86108",849-321-1911,563-97-5620,630086,justinr@pseudo-ai.com,Accountant,192-54-1225,7290611280,7220-8225-3886-3498,Goldman Sachs
Paul,Medina,1967-09-07,"Unit 4754 Box 6011, DPO AA 98007",108-679-1917,929-48-1090,746964,paulm@pseudo-ai.com,Warehouse Supervisor,805-59-0740,6392589514,6956-1873-4805-9894,Capital One
Ann,Solomon,1980-04-04,"529 Morales Valley, Claychester, AR 60487",374-478-0759,517-23-9726,758665,anns@pseudo-ai.com,Software Developer,778-64-4306,0887970101,1824-2301-9521-6450,TD Bank
Gregory,Mullen,1990-03-25,"7445 Burke Roads, Lake Robert, NM 86694",809-262-6230,228-37-6619,525419,gregorym@pseudo-ai.com,Maintenance Technician,200-64-2608,7636185162,4840-3242-6483-8908,JPMorgan Chase
Alicia,Wilson,2004-11-27,"77393 Michael Radial Apt. 954, Christyville, MI 22815",001-227-7984,367-14-5720,563271,aliciaw@pseudo-ai.com,Compliance Officer,243-08-7757,2039875911,9074-7237-6559-2220,US Bank
Mary,Meyer,1978-12-19,"87961 Ross Route, Lisaton, AZ 34257",708-018-3078,670-35-3823,652463,marym@pseudo-ai.com,Logistics Manager,490-83-3285,1239473412,5072-5271-6003-3888,PNC Bank
David,Smith,1980-05-04,"39256 Brooks Coves, Michaelberg, MA 17908",258-094-3018,731-17-2413,364033,davids@pseudo-ai.com,Warehouse Supervisor,235-15-9412,0264460684,7414-2171-4133-7636,Citibank
Michelle,Harris,1995-04-15,"61345 Jonathan Spurs Suite 513, South Danielville, IL 95829",075-557-1052,862-69-1482,796037,michelleh@pseudo-ai.com,Administrative Assistant,672-91-7495,8202621696,8636-3916-7612-3108,US Bank
Melissa,Berry,2004-12-25,"98166 Mark Burgs, Emilyfort, KY 14822",876-013-6445,823-48-6781,629719,melissab@pseudo-ai.com,Control Systems Engineer,227-72-7444,3208357087,6976-7145-3990-9846,US Bank
Jaime,Caldwell,2001-07-27,"772 Gross Villages Suite 899, Nathanfort, OK 55978",720-967-1470,728-42-4432,933917,jaimec@pseudo-ai.com,Finance Manager,494-90-6756,2225538409,6063-8224-9023-3212,Goldman Sachs
Monique,Conner,1955-01-03,"PSC 5319, Box 7498, APO AE 95389",556-195-4729,284-25-1595,113067,moniquec@pseudo-ai.com,Automation Specialist,168-52-9410,9294976753,2588-6900-5599-4500,Bank of America
Patricia,Cook,1966-04-23,"USCGC Wood, FPO AA 26601",414-589-5669,491-45-4595,589149,patriciac@pseudo-ai.com,Software Developer,906-53-9390,2398905438,5778-2590-5469-1279,TD Bank
Tammy,Sutton,1973-09-14,"0113 Rodriguez Key Apt. 053, North Stephanie, NY 65859",908-799-4154,293-11-5829,124815,tammys@pseudo-ai.com,Cybersecurity Analyst,694-28-2770,2556154458,6728-9058-8596-3756,Wells Fargo
Heather,Garcia,1978-01-28,"PSC 4501, Box 9163, APO AA 57159",955-871-2623,662-88-3097,719795,heatherg@pseudo-ai.com,Operations Manager,743-37-5927,9463270881,7726-5491-7073-7756,Bank of America
Daniel,Rivera,1985-10-06,"8172 Tony Circles Suite 184, New Catherineborough, RI 66766",832-628-0858,411-18-2362,558016,danielr@pseudo-ai.com,Procurement Specialist,702-23-6045,4156909629,4787-3001-5116-7961,Wells Fargo
Kevin,Farley,1999-08-14,"6111 Friedman Locks Apt. 714, South Jennifermouth, MS 88284",256-973-0384,118-18-7596,224176,kevinf@pseudo-ai.com,Finance Manager,831-37-6275,0233653010,2116-1211-8535-2849,TD Bank
Bryan,Weeks,1962-10-16,"7007 Jack Manors Suite 736, Cindyburgh, NJ 29063",949-664-5914,351-57-7159,871686,bryanw@pseudo-ai.com,Logistics Manager,357-40-2212,8761713923,2552-3027-8292-9814,TD Bank
Michael,Washington,1957-07-17,"484 Mcintosh Pine Apt. 036, South Angelshire, AL 30733",603-871-0890,792-64-2020,862451,michaelw@pseudo-ai.com,Finance Manager,699-41-3923,9975901015,6358-7331-2486-9880,JPMorgan Chase
Heather,Adkins,1962-06-12,"470 Walker Mill Suite 919, Timothyberg, MS 47387",460-957-1376,203-36-9307,433378,heathera@pseudo-ai.com,Administrative Assistant,847-27-8615,9957137301,9437-5277-2181-1462,PNC Bank
Louis,Roman,1953-11-13,"50620 Erin Ports Apt. 330, Lanebury, OK 83525",405-689-1868,590-33-7490,774099,louisr@pseudo-ai.com,Production Manager,988-23-3787,8258216343,2529-6004-1953-9629,JPMorgan Chase
Todd,Lane,1990-06-13,"68898 Jared Ridges, New Kelly, NJ 82259",066-759-7765,966-12-5337,145390,toddl@pseudo-ai.com,Supply Chain Coordinator,237-59-3835,4684814620,2323-4307-9395-1675,JPMorgan Chase
Riley,Mullen,1972-05-29,"2414 Scott Cliff Apt. 677, Port Michael, WA 88801",359-482-7227,103-84-1107,897804,rileym@pseudo-ai.com,Electrical Engineer,024-25-1996,4224209336,3037-3551-5410-4677,Wells Fargo
April,Wright,1988-01-23,"2118 Hernandez Club, Angelaberg, AK 98742",697-936-4073,641-10-6506,654600,aprilw@pseudo-ai.com,Supply Chain Coordinator,710-28-4099,1626683799,6597-1013-4711-6867,Morgan Stanley
Melanie,Rodriguez,1993-11-28,"87162 Breanna Island, Krystalborough, DC 34104",900-550-9889,961-64-6123,374768,melanier@pseudo-ai.com,Production Manager,478-82-3527,7276976251,1638-5060-2584-9838,Morgan Stanley
Christine,Medina,1987-06-13,"03200 Martinez Mount, West Leechester, OK 72000",598-933-2075,132-22-5275,997722,christinem@pseudo-ai.com,Field Service Engineer,031-74-7840,0137453247,5964-4138-5035-5034,PNC Bank
William,Alvarez,1994-12-08,"717 Sandra Tunnel, Lake Heatherport, WV 35331",173-264-1292,270-81-6424,781830,williama@pseudo-ai.com,Control Systems Engineer,299-03-6702,7883818105,7439-1814-4839-2848,JPMorgan Chase
Andrea,Cross,1978-11-25,"PSC 4418, Box 0034, APO AE 01202",975-246-0001,964-66-6677,946424,andreac@pseudo-ai.com,Supply Chain Coordinator,889-28-3871,7221445505,4948-4608-3667-9869,Capital One
Scott,Martin,1976-02-07,"43466 Theresa Glens Suite 557, West Brandon, MD 15744",734-074-2524,707-49-5165,155220,scottm@pseudo-ai.com,Production Planner,284-33-0756,8925803044,9027-4604-5663-2008,PNC Bank
Patrick,Ward,2002-04-22,"20366 Kenneth Mountain Apt. 160, New Lori, IL 70247",455-520-6419,336-67-2413,407684,patrickw@pseudo-ai.com,Administrative Assistant,777-43-2512,5860293308,3139-6021-9370-6429,US Bank
Daniel,Lewis,1973-10-24,"06058 Larry Centers, Port Tonya, SD 72350",397-215-2142,939-30-9478,163332,daniell@pseudo-ai.com,Procurement Specialist,370-05-1364,2290920919,8087-8006-1666-1258,Capital One
Diane,Ramos,1998-07-31,"02041 Arthur Dam, Travisbury, SC 58881",419-438-0365,955-48-6779,849635,dianer@pseudo-ai.com,Logistics Manager,806-00-3765,3022254053,1092-2097-5389-9629,Capital One
Bradley,Garcia,1963-02-07,"PSC 9992, Box 5731, APO AP 71874",987-490-8846,531-93-2835,562427,bradleyg@pseudo-ai.com,Mechanical Engineer,525-28-2606,6136216012,3005-5153-2579-1540,Wells Fargo
Corey,Blackwell,1976-01-14,"845 Tara Groves Suite 138, Wrightside, WA 65588",535-915-7825,817-61-6397,351090,coreyb@pseudo-ai.com,Compliance Officer,849-22-7730,5071935501,5926-6103-1746-8637,Bank of America
Lauren,Hill,2000-12-03,"0921 Adams Wall Apt. 590, West Joannaside, KS 01707",568-668-0059,410-37-2973,118581,laurenh@pseudo-ai.com,Industrial Designer,616-88-1148,0988935196,7164-2367-9724-9230,US Bank
Stephen,Ward,1965-12-25,"597 Tanner Inlet Apt. 286, Danborough, NJ 98087",508-443-0308,272-84-3008,488087,stephenw@pseudo-ai.com,Mechanical Engineer,471-49-8867,0509970600,8662-3060-3545-5802,Morgan Stanley
Jessica,Barber,1993-03-22,"Unit 8950 Box 5628, DPO AE 58138",572-471-5407,822-72-5380,441813,jessicab@pseudo-ai.com,Robotics Engineer,732-24-1787,8708123625,5374-6433-5407-2752,Capital One
Mark,Romero,1964-06-20,"9588 Theresa Extension, Lake Steven, UT 56707",878-491-3339,404-77-6413,351558,markr@pseudo-ai.com,Software Developer,606-28-1528,8254790440,8640-9629-5334-2127,Citibank
Nicholas,Williams,1979-11-18,"2168 Thompson Village, Fitzpatrickchester, WA 68776",793-111-2952,700-77-8793,303012,nicholasw@pseudo-ai.com,Electrical Engineer,121-38-8341,8055354054,3586-9360-5102-7814,US Bank
Devin,Baker,1992-05-10,"088 Michael Plains, East Amandachester, UT 67190",094-640-7306,261-87-6226,353729,devinb@pseudo-ai.com,Electrical Engineer,636-44-0578,9069223634,9041-3471-5586-7370,US Bank
Michelle,Evans,1971-05-17,"428 Mason Lock Suite 856, North Amyfort, NV 46523",147-158-6360,465-46-9338,975657,michellee@pseudo-ai.com,Electrical Engineer,538-07-2489,9048653964,8347-1350-3923-9720,Capital One
Malik,Reed,1990-10-21,"29813 Torres Keys Suite 991, New Nicole, WA 49171",634-269-5595,495-25-7985,326831,malikr@pseudo-ai.com,Project Manager,737-68-1001,8490425936,5876-4610-8493-9474,Goldman Sachs
Michael,Clark,1989-12-21,"39716 David Junctions Apt. 559, West Davidmouth, AL 31466",172-720-5670,583-50-5152,836215,michaelc@pseudo-ai.com,Maintenance Technician,786-36-1240,5304516761,5962-4907-9692-7882,Goldman Sachs
Steve,Meyer,2002-12-06,"837 Jenkins Center Apt. 803, Port Angela, RI 03096",251-152-0299,343-42-1099,633504,stevem@pseudo-ai.com,Finance Manager,869-95-1652,4190066663,6438-4885-5511-3842,Goldman Sachs
Nichole,Conner,2004-05-17,"8710 Wanda Throughway Apt. 737, New Beverlyfurt, KS 89488",380-281-1153,965-86-2944,317526,nicholec@pseudo-ai.com,Control Systems Engineer,842-28-1473,8961635226,5285-8865-8315-4738,JPMorgan Chase
Bridget,Tran,1991-10-13,"25735 Frazier View Apt. 773, Port Dawn, MS 37640",752-750-6197,564-44-7487,925294,bridgett@pseudo-ai.com,Industrial Designer,869-21-4644,1754248127,7909-7471-7656-1348,Wells Fargo
Heather,Harrington,1959-01-27,"46454 Mora Spur Apt. 224, East Cesar, NY 76171",392-755-4361,143-17-6847,181647,heatherh@pseudo-ai.com,Maintenance Technician,932-71-5782,1852992283,8092-3107-7484-5049,Morgan Stanley
Robert,Parks,1986-01-10,"36866 Smith Turnpike, West Tracyland, NJ 98144",714-839-8169,657-48-7862,225391,robertp@pseudo-ai.com,Accountant,840-63-4263,1944498190,9210-3181-8352-4188,PNC Bank
Lori,Johnson,1956-11-16,"884 Evans Roads Apt. 373, North Kristen, KS 28622",202-940-5340,999-52-1649,231539,lorij@pseudo-ai.com,Production Manager,823-23-3414,1134777140,3592-6907-9487-2825,US Bank
Dawn,Park,1983-12-27,"74864 Marcus Shore Apt. 630, West Antonioville, NH 99287",653-489-1021,596-16-4709,812519,dawnp@pseudo-ai.com,Production Planner,540-27-6099,3325806082,3708-3041-6317-3581,Citibank
Amy,Hall,1977-04-06,"2435 Lee Expressway, West Jason, WA 93864",733-717-7333,552-50-1772,517464,amyh@pseudo-ai.com,Software Developer,018-59-4801,8268544795,1346-7283-8059-5187,PNC Bank
Jeffrey,Romero,1956-09-01,"049 Sanchez Estates, Hortonmouth, KY 66323",978-706-2489,973-92-5765,684184,jeffreyr@pseudo-ai.com,Robotics Engineer,762-04-6625,5693512075,9448-1673-5593-2454,Bank of America
Kayla,Lewis,1981-12-29,"5946 Stephanie Hollow, Port Danielmouth, MO 64687",504-935-5166,300-52-7379,853097,kaylal@pseudo-ai.com,Compliance Officer,622-14-4600,1231002414,1124-9923-4695-5616,JPMorgan Chase
Haley,Anderson,1963-06-27,"6411 Mccoy Spring Suite 620, Benjaminmouth, ME 94806",948-237-6663,337-53-2958,550377,haleya@pseudo-ai.com,Cybersecurity Analyst,523-34-3501,2910731439,1474-6604-7339-8514,Morgan Stanley
Alexis,Pitts,1968-07-11,"1983 Alexander Lodge, North James, WI 38206",298-958-0818,659-69-7823,407298,alexisp@pseudo-ai.com,Quality Assurance Specialist,991-29-0053,5263193119,3622-5979-1713-3645,JPMorgan Chase
Aaron,Goodwin,1991-09-26,"86216 Ryan Stravenue Apt. 619, Garzaland, DC 61463",993-194-3405,146-19-1710,318057,aarong@pseudo-ai.com,IT Support Specialist,657-40-0906,3113765633,5821-1693-2859-8201,Bank of America
Henry,Wright,1971-06-17,"4240 Kristin Glens, North Carolhaven, WA 16737",548-681-1906,874-99-9414,116813,henryw@pseudo-ai.com,Industrial Designer,014-89-9826,9875868226,3436-9427-9631-4323,Bank of America
Daryl,Wade,1999-11-17,"17298 William Corner Suite 874, Tatefort, ND 08397",739-645-9579,617-50-6259,779658,darylw@pseudo-ai.com,Compliance Officer,871-38-0474,6761601455,2737-8255-9562-8175,Morgan Stanley
Marie,Jones,1966-04-19,"0650 Lindsay Ferry Apt. 801, Port Jefferyhaven, MA 11404",579-882-4505,611-20-8247,505379,mariej@pseudo-ai.com,Electrical Engineer,547-84-3690,3165264721,1780-5959-8177-4085,Citibank
Leslie,Hopkins,1988-12-19,"8875 Rebecca Garden Suite 003, Lake Julietown, SD 71846",324-698-9160,569-92-1947,538831,leslieh@pseudo-ai.com,Quality Assurance Specialist,763-07-6976,5732398020,9246-8247-5312-4805,PNC Bank
Jaime,Rodriguez,1961-12-23,"17211 Michael Tunnel Apt. 808, West Destiny, MA 62477",913-601-2039,908-54-4198,972272,jaimer@pseudo-ai.com,Cybersecurity Analyst,975-37-6334,8112452737,2743-7831-8038-2317,PNC Bank
Brandon,Hart,1963-12-27,"83668 Booker Manor, North Laura, MD 98558",510-325-3570,869-56-6575,198007,brandonh@pseudo-ai.com,Warehouse Supervisor,316-60-4485,0748904791,4442-8430-7485-3107,US Bank
Seth,Castillo,1958-05-06,"Unit 4908 Box 2481, DPO AA 49339",778-818-9740,271-66-6918,258447,sethc@pseudo-ai.com,Industrial Designer,328-72-8122,7203572792,3686-7359-7313-4561,Bank of America
Tammy,Lamb,1999-04-04,"331 Rivers Branch, Frankborough, LA 19144",439-726-3201,205-74-3498,528286,tammyl@pseudo-ai.com,Operations Manager,987-98-8558,7206209271,7671-9690-3010-7770,TD Bank
Jacqueline,Spence,1977-12-28,"339 Joseph Village, West Kennethtown, NC 36496",859-350-8565,782-80-6362,460925,jacquelines@pseudo-ai.com,Electrical Engineer,493-41-0248,1520503110,5716-1300-5884-2209,Capital One
Tina,Barrett,1986-10-06,"9071 Nicole Lane, Dixonstad, CT 83759",409-130-3862,494-75-6815,184572,tinab@pseudo-ai.com,Control Systems Engineer,920-37-3552,1670807601,8189-3089-6814-8205,PNC Bank
Jennifer,Hall,1979-06-06,"257 Bridget Motorway Suite 980, South Denise, IL 26476",695-843-3839,663-98-5636,459380,jenniferh@pseudo-ai.com,Field Service Engineer,857-20-7893,8529585828,1915-6578-6698-5923,Capital One
Ryan,Thompson,1958-10-16,"6440 Jasmine Village, New Omarmouth, WI 35305",304-947-9090,614-78-1518,383884,ryant@pseudo-ai.com,Industrial Designer,191-07-5791,9057510156,6101-6080-1679-4578,Wells Fargo
Eric,Anderson,1968-08-07,"25097 Payne Tunnel, South Hector, GA 50102",120-399-6878,587-27-6219,740723,erica@pseudo-ai.com,IT Support Specialist,890-27-8565,7928729088,6544-3707-3461-1305,Goldman Sachs
Angela,Gonzalez,1970-08-16,"82648 Danielle Shoal, Port David, NE 59577",094-942-5467,193-96-3593,676805,angelag@pseudo-ai.com,Project Manager,312-42-4899,4310547861,3476-6467-7617-7439,TD Bank
Carlos,Jordan,1987-01-13,"USNS Ramirez, FPO AE 86885",094-764-3099,194-11-2648,221754,carlosj@pseudo-ai.com,Production Manager,600-01-4075,3881949795,1147-3815-8101-9253,Citibank
Michelle,Fisher,1991-01-27,"5126 Megan Roads Apt. 997, Patrickland, SC 49593",416-238-1481,163-31-6241,990784,michellef@pseudo-ai.com,Administrative Assistant,540-92-3234,0159604833,2908-5556-5439-5407,Morgan Stanley
Julie,Williams,1994-10-28,"06880 Ellis Springs, Tracyside, AZ 90732",098-340-2414,710-71-9855,342945,juliew@pseudo-ai.com,Procurement Specialist,173-81-9558,6567393733,3484-1654-6780-2314,JPMorgan Chase
Peggy,Burke,1955-06-29,"USCGC Henderson, FPO AA 35838",495-227-9968,804-93-6884,651537,peggyb@pseudo-ai.com,Robotics Engineer,426-73-7027,1553763351,5489-7487-9424-6669,Wells Fargo
Sheila,Brooks,1963-09-12,"99606 John Drive Apt. 386, Edwardtown, ID 64068",588-980-6031,566-56-9803,729526,sheilab@pseudo-ai.com,Warehouse Supervisor,060-70-6870,2829406086,8723-3891-4475-6098,Goldman Sachs
Vincent,Ali,1966-02-01,"6838 Debbie Rue, Timothyshire, OR 19949",121-572-3257,596-88-7558,221935,vincenta@pseudo-ai.com,Industrial Designer,363-53-7745,0221733839,3230-1620-3995-5524,Morgan Stanley
Jeff,Newman,1987-08-18,"842 Jeffrey Trail Apt. 636, New Donna, IN 40892",601-130-8866,410-29-2992,846492,jeffn@pseudo-ai.com,Administrative Assistant,479-30-3829,8681805615,9403-7383-5142-3916,Capital One
Kyle,Hansen,1991-11-21,"8030 Booker Corner, Maryhaven, WV 55045",155-489-9927,393-62-8816,102535,kyleh@pseudo-ai.com,Software Developer,253-11-5520,8510131953,5386-8204-6456-2959,US Bank
Garrett,Perkins,1992-06-13,"293 Foley View, Robinmouth, VT 90313",448-464-3074,164-20-1104,249187,garrettp@pseudo-ai.com,Procurement Specialist,213-26-9577,2301164889,6250-7442-5240-5046,Citibank
Michael,Bush,1972-11-23,"43135 Barbara Ramp, Lake Timothy, CO 07839",556-952-9750,456-62-4664,186142,michaelb@pseudo-ai.com,Warehouse Supervisor,237-10-2053,7368306963,1104-6248-9367-8143,TD Bank
Karl,Glover,1968-02-12,"344 Wright Mountain, North Anthony, OR 27311",299-023-1682,721-50-6351,726592,karlg@pseudo-ai.com,Maintenance Technician,835-07-1246,0361070594,6877-6010-3333-7307,JPMorgan Chase
Pamela,Brown,1969-12-18,"0850 Garrison Mews Suite 119, Port Amyshire, KS 81630",470-556-5431,550-62-5037,286317,pamelab@pseudo-ai.com,Field Service Engineer,665-52-5519,9712965771,9717-3408-3874-5594,TD Bank
Patricia,Brown,1976-08-31,"PSC 2285, Box 9305, APO AP 02432",737-911-8498,240-40-6291,809373,patriciab@pseudo-ai.com,Quality Assurance Specialist,970-09-8439,2299828705,1024-3943-2979-1675,Capital One
Shawn,Mcbride,2003-06-08,"66048 Victoria Mountains, Ellisville, WV 33315",702-747-7837,436-59-8066,689605,shawnm@pseudo-ai.com,Field Service Engineer,206-66-0792,7435123635,3362-5407-6296-4907,PNC Bank
Joanna,George,2001-07-26,"2087 Aaron Trace Apt. 192, South Laura, ID 81263",375-304-7981,433-36-8820,221018,joannag@pseudo-ai.com,Cybersecurity Analyst,947-93-0203,3869007919,3256-5390-7480-9338,Citibank
Jessica,Hicks,1996-10-28,"46981 Kelly Stravenue Suite 219, South Juliebury, ND 37983",687-888-5135,145-72-4712,136069,jessicah@pseudo-ai.com,Industrial Designer,131-21-1819,8262040036,7646-3843-5604-6689,Morgan Stanley
Jillian,Cummings,1963-05-28,"54550 Phillips Corner Apt. 015, Christopherburgh, VT 32070",018-650-4862,400-79-2804,337820,jillianc@pseudo-ai.com,Production Planner,249-74-1470,1559694917,3587-7689-1698-5859,PNC Bank
Timothy,Watson,1989-01-03,"USS Medina, FPO AA 35860",569-498-5998,310-27-1438,270033,timothyw@pseudo-ai.com,Production Manager,662-48-3257,6983759955,6324-7610-9088-9797,US Bank
Jessica,Mckenzie,1976-02-13,"Unit 3716 Box 7045, DPO AE 41330",858-742-0931,855-46-1750,690526,jessicam@pseudo-ai.com,Production Manager,612-73-2692,0594136850,2210-7635-5114-2810,JPMorgan Chase
Jason,Taylor,2006-01-15,"889 David Row Apt. 961, Schultzton, NJ 26332",453-711-0483,392-36-1612,830750,jasont@pseudo-ai.com,Procurement Specialist,682-35-3064,1097263384,1168-3852-9912-5258,Morgan Stanley
Zachary,Brady,1963-09-25,"89851 Cooke Manor, New Markland, WA 17655",043-600-0978,587-80-6038,433029,zacharyb@pseudo-ai.com,Maintenance Technician,855-25-2348,0145373860,2538-6186-4308-4723,Bank of America
Tanner,Perez,1967-07-11,"3969 Kelly Springs, Lisaton, VA 89364",900-874-9825,988-15-8569,812124,tannerp@pseudo-ai.com,Procurement Specialist,084-92-7140,9502804847,8634-4437-1159-3518,PNC Bank
Benjamin,Terry,1986-08-19,"45752 Allen Crescent Apt. 213, West Meghanfort, MI 34033",866-359-7658,910-89-1962,409481,benjamint@pseudo-ai.com,Project Manager,560-98-0933,4312386478,6673-2192-9626-9880,PNC Bank
Kerry,Peck,1968-04-10,"PSC 7835, Box 9733, APO AE 56247",092-287-4279,247-73-8273,100040,kerryp@pseudo-ai.com,Administrative Assistant,128-95-8748,3621277488,9417-9991-4472-2574,Bank of America
Danny,Greene,1970-11-14,"1473 Michael Port, Lindaborough, MI 77395",453-185-6347,969-14-7063,479240,dannyg@pseudo-ai.com,Field Service Engineer,864-45-9692,6354189460,6060-5294-5180-7517,Citibank
Michael,Lee,1996-10-25,"58317 Choi Shore, North Ericville, FL 42793",585-774-9981,184-53-9061,246184,michaell@pseudo-ai.com,Project Manager,361-09-9279,9833741744,3100-2278-2003-5850,Citibank
James,Orr,1988-02-03,"5146 Williams Junctions Suite 962, West Jeff, CO 30126",720-654-8171,259-53-1581,164012,jameso@pseudo-ai.com,Software Developer,490-48-4253,0851876256,6265-4774-1889-1741,Morgan Stanley
Karen,Burns,1973-10-28,"587 Krystal Knolls, Jessicamouth, ID 19289",586-014-8255,742-14-8302,419977,karenb@pseudo-ai.com,Warehouse Supervisor,736-02-7725,1804758618,6964-3239-9063-9582,Capital One
Elizabeth,Figueroa,1969-11-23,"10595 Sara Coves Suite 123, New Brittney, IN 48613",956-356-7436,184-40-7319,447373,elizabethf@pseudo-ai.com,Industrial Designer,464-93-7773,3859583434,7181-3217-7946-5127,Citibank
Ryan,Romero,2006-01-04,"0488 Mueller Pass, Joannamouth, MA 66790",362-256-6355,556-38-1436,725945,ryanr@pseudo-ai.com,Electrical Engineer,413-68-0233,3422207957,8327-6580-3941-3555,Citibank
Jeffrey,Jackson,1963-01-07,"83537 Christensen Plaza Apt. 209, Port Judy, AZ 52749",146-716-0635,952-37-2984,603958,jeffreyj@pseudo-ai.com,Control Systems Engineer,117-09-0091,6510335043,4111-8098-2050-6750,PNC Bank
Keith,Key,1983-09-13,"121 Clarke River, Katherineview, SD 25887",893-610-7268,131-29-1230,696174,keithk@pseudo-ai.com,Production Manager,491-72-1385,1320438596,4008-8752-2903-2578,Bank of America
Robert,Scott,1967-07-21,"45674 Jeffrey Stravenue, Johnnyside, NJ 17359",816-323-7657,122-57-3974,165705,roberts@pseudo-ai.com,Automation Specialist,680-45-7036,0114551333,4799-1131-9182-7528,Goldman Sachs
Kristi,Larson,1961-05-19,"5208 Stacey Plain, South Pedroburgh, MI 78090",944-687-2462,850-67-1538,823718,kristil@pseudo-ai.com,HR Manager,159-90-4503,5280452479,2490-7706-1610-8567,Citibank
Ashley,Hernandez,1986-02-12,"3728 Marcus Mountains Apt. 316, New Larryview, IL 90540",341-931-0361,776-20-3801,653353,ashleyh@pseudo-ai.com,Supply Chain Coordinator,270-49-3540,1706646739,5614-6654-7530-2032,US Bank
James,Evans,1953-11-16,"58698 Cody Forge, Andersonport, NE 62874",316-765-8646,993-31-8496,961514,jamese@pseudo-ai.com,Industrial Designer,796-44-2571,5081380781,6630-4349-3134-6142,US Bank
Nancy,Mcguire,1988-08-08,"136 Hill Lake, Michaelmouth, NC 91662",505-877-6664,256-34-6220,550093,nancym@pseudo-ai.com,Operations Manager,703-61-2488,6901889944,4639-3426-5395-6109,Citibank
Michael,Mason,1956-02-19,"PSC 9622, Box 6490, APO AP 86063",909-002-0012,355-19-3218,764062,michaelm@pseudo-ai.com,Quality Assurance Specialist,911-26-7762,3379196792,8525-6955-2615-3279,Capital One
Kelly,Haynes,1989-03-19,"25151 Robert Village Apt. 968, Johntown, OK 94226",838-130-5772,221-43-3005,933115,kellyh@pseudo-ai.com,Production Planner,322-01-6950,5478867908,2997-5896-4270-2744,JPMorgan Chase
Bryan,Waller,1954-05-25,"4310 Dixon Highway Suite 169, Hernandezton, SC 66313",448-422-4171,558-61-6512,362751,bryanw@pseudo-ai.com,Electrical Engineer,879-57-0996,6732479174,8406-3652-7139-5994,Citibank
Brian,Nunez,1963-03-07,"73921 Amy Rest, Lake Samantha, FL 57287",197-686-8969,433-74-6213,950488,briann@pseudo-ai.com,Mechanical Engineer,801-37-9192,4323104253,1873-4270-1873-8224,Goldman Sachs
Shelby,Hill,1998-08-26,"8380 Pineda Fall, West Stevenhaven, MI 10380",519-881-3043,269-99-3962,850658,shelbyh@pseudo-ai.com,IT Support Specialist,747-25-6285,0665579428,1324-5872-7743-2043,Bank of America
Jennifer,Austin,1994-02-08,"1503 Sheila Forge Suite 769, Port Carlastad, OR 82810",006-907-1668,496-75-7461,765024,jennifera@pseudo-ai.com,Logistics Manager,636-58-6784,9245312327,9771-3331-2441-1883,PNC Bank
Stephanie,Fitzgerald,1978-11-04,"9309 Harris Camp, East Christinaborough, MS 28356",056-474-9589,331-12-6151,729490,stephanief@pseudo-ai.com,HR Manager,287-21-8570,3814073417,2252-7220-5073-9994,Bank of America
Mark,Lara,1995-07-13,"Unit 4459 Box 6935, DPO AA 67797",346-147-4774,854-44-8934,215980,markl@pseudo-ai.com,HR Manager,983-74-9657,0979346396,3318-7000-8178-5694,Wells Fargo
Elizabeth,Middleton,1961-06-10,"USS Huerta, FPO AE 92387",392-186-6236,854-99-9283,887104,elizabethm@pseudo-ai.com,Maintenance Technician,168-70-2615,5056611196,1342-3396-7277-2352,JPMorgan Chase
Alison,Hughes,2004-01-09,"5366 Mary Causeway, Lake Michael, KY 86370",010-136-1768,253-61-4813,984622,alisonh@pseudo-ai.com,HR Manager,591-42-8887,5243124027,7914-1655-1517-8127,TD Bank
Jeffery,Davis,1983-03-27,"10211 Watkins Plains, West Christina, TN 07119",007-404-4834,278-69-2070,588003,jefferyd@pseudo-ai.com,Operations Manager,233-85-6937,0756781923,2033-8388-3301-8250,Citibank
Chelsea,Lopez,1976-07-25,"218 Dawn Pine Apt. 100, Christineville, OR 82955",776-326-9405,168-59-3592,521456,chelseal@pseudo-ai.com,Project Manager,973-80-1649,7082223406,5114-4006-4694-8837,Bank of America
Jeffrey,Young,1960-10-16,"5242 Thompson Lodge, Thomasmouth, IN 09590",379-114-0072,269-52-7097,466606,jeffreyy@pseudo-ai.com,Production Manager,491-25-9089,0149988298,4550-2581-8775-7163,US Bank
Hannah,Mcdaniel,1986-05-08,"6457 Frederick Station Apt. 975, Cooperstad, NH 69544",307-360-3024,845-93-5176,818999,hannahm@pseudo-ai.com,Maintenance Technician,560-36-6135,7417446487,2136-6329-2668-5046,Capital One
Brittany,Wood,1978-10-16,"94091 Thompson Harbors Suite 099, East Michael, IN 23651",827-792-1969,612-17-2619,473720,brittanyw@pseudo-ai.com,Procurement Specialist,442-93-3109,9725455335,6792-3600-1774-3093,TD Bank
Nicholas,Mcfarland,2001-08-19,"Unit 7754 Box 8269, DPO AA 26346",100-037-4538,810-17-6516,174502,nicholasm@pseudo-ai.com,Procurement Specialist,033-98-8610,7055218031,7766-6545-3164-3920,Wells Fargo
Kim,Rios,2006-05-17,"USCGC Johnson, FPO AE 22910",083-769-6521,622-73-7182,484128,kimr@pseudo-ai.com,Robotics Engineer,296-74-5536,5322187859,8508-8771-1908-7162,TD Bank
Rachel,Edwards,1986-04-01,"087 Lee Square, North Michelleberg, IN 93346",038-460-7208,523-91-4768,266637,rachele@pseudo-ai.com,Control Systems Engineer,020-06-2673,7260517334,9390-5821-5292-6214,US Bank
Victor,Myers,1974-09-25,"7536 Lacey Locks Suite 920, North Ethanstad, ME 86315",607-426-5569,938-97-1063,972042,victorm@pseudo-ai.com,Production Manager,271-59-7406,3911266602,7322-3875-1941-4278,Morgan Stanley
Angela,Carter,1982-01-05,"5179 Turner Mission, East Janetborough, IA 14905",295-911-4910,768-71-1076,487373,angelac@pseudo-ai.com,Warehouse Supervisor,874-70-5921,9379795311,8403-2823-2320-9605,Capital One
Kristin,Ashley,1970-08-13,"825 Ferrell Turnpike, Michelleville, FL 93191",105-357-2958,482-39-8412,340899,kristina@pseudo-ai.com,IT Support Specialist,743-37-8561,6489812484,3553-5079-8739-8649,PNC Bank
Jeffrey,Smith,1998-07-14,"5245 Mike Pine Apt. 753, Taraside, NM 09139",518-838-2908,155-66-2550,622019,jeffreys@pseudo-ai.com,Field Service Engineer,585-35-4173,8910626399,8467-3586-6687-4386,Citibank
Christopher,Anderson,1957-05-26,"6636 Jason Wells Suite 264, Guerreroton, AL 82495",111-059-0297,613-28-3138,849914,christophera@pseudo-ai.com,Administrative Assistant,588-99-3244,8727551334,6130-9396-2600-9856,PNC Bank
Kathy,Dunn,1987-03-29,"95133 Tina Ferry, Port Samanthatown, FL 04491",803-569-6221,575-38-1830,297014,kathyd@pseudo-ai.com,Maintenance Technician,155-90-5118,8780744029,5126-2441-6464-1562,Capital One
Jill,Thomas,1958-06-23,"428 William Pines, North Stephanie, ID 69853",053-725-9846,152-36-4376,460853,jillt@pseudo-ai.com,Administrative Assistant,700-58-6407,3458025321,4832-1531-9635-4940,PNC Bank
Zachary,Drake,1990-01-07,"6841 Cynthia Hills, Lake Craig, CT 53710",251-056-6255,689-41-9506,366566,zacharyd@pseudo-ai.com,Industrial Designer,750-11-3281,9688636125,4082-6490-4112-9698,Bank of America
Jessica,Schaefer,1991-05-04,"02764 Mario Dale Apt. 407, Timothyborough, DE 65109",636-418-8721,692-73-8962,985923,jessicas@pseudo-ai.com,Project Manager,146-88-4951,1916014093,2226-2622-9110-6597,US Bank
Jesse,Perez,1988-02-22,"559 Ho Groves Suite 361, Jeanettechester, MD 24691",854-087-3657,723-57-8768,569040,jessep@pseudo-ai.com,Operations Manager,323-66-8842,5630941305,8415-7973-1003-7203,JPMorgan Chase
Mary,Bridges,1963-06-20,"111 Hall Groves, North William, MI 16601",870-691-0943,703-15-5070,420523,maryb@pseudo-ai.com,Production Manager,130-89-2920,9145505030,4862-1795-8710-1856,Wells Fargo
Grant,Parks,1976-06-26,"USCGC Williams, FPO AE 22860",068-650-8022,896-21-7404,628722,grantp@pseudo-ai.com,Electrical Engineer,753-57-3420,1752831267,4078-3518-6494-5937,US Bank
Christina,Robbins,1976-07-06,"94509 Kelly Ways, West Cesar, NM 76670",777-028-0807,529-89-3111,262495,christinar@pseudo-ai.com,Robotics Engineer,811-93-5436,2559700666,6868-5855-4248-5414,Capital One
Tony,Stewart,1972-01-19,"6774 Natasha Shore, West Sean, MS 78249",227-350-6574,177-69-1465,116975,tonys@pseudo-ai.com,Quality Assurance Specialist,420-33-1782,4797144985,3039-6623-2517-3642,Wells Fargo
Evan,Case,1955-07-07,"12629 Sara Street, New Autumnborough, AR 58383",268-682-5117,679-40-9455,157922,evanc@pseudo-ai.com,Procurement Specialist,527-62-9915,4608836852,6852-6265-5963-7911,Goldman Sachs
Tiffany,Harmon,1998-06-25,"497 Blackburn Park Suite 420, North Herbert, UT 75427",265-806-2088,764-68-7466,164602,tiffanyh@pseudo-ai.com,Finance Manager,996-42-7703,0747275567,2239-9798-7745-7745,Citibank
Jason,Wells,1954-06-06,"23389 Harrison Fort, Stephanieborough, AZ 58948",272-387-2382,425-54-9365,700356,jasonw@pseudo-ai.com,IT Support Specialist,843-31-8666,1416177012,2459-1716-4274-5929,Wells Fargo
Lacey,Shields,1960-02-06,"77122 Kevin Union, Davidside, RI 37740",399-995-9265,441-87-4640,462139,laceys@pseudo-ai.com,Production Manager,816-89-7818,2594558524,7105-4693-5928-4944,JPMorgan Chase
Ryan,Kennedy,1963-07-04,"099 Gardner Rapids Suite 692, New Rogerborough, KY 26323",293-221-6390,491-15-1943,935730,ryank@pseudo-ai.com,Supply Chain Coordinator,917-44-4533,3920697492,2979-3689-8562-7451,US Bank
Bianca,Gutierrez,1981-12-04,"346 David Park Suite 421, North Cheryl, RI 98633",632-219-0855,411-75-9760,981499,biancag@pseudo-ai.com,HR Manager,396-93-4762,2955708194,4212-1524-8926-3812,Wells Fargo
Briana,Mckenzie,1961-09-26,"85955 George Port Suite 222, Lake James, AL 69397",931-204-2742,433-43-4047,484746,brianam@pseudo-ai.com,Electrical Engineer,743-98-4684,2632686320,9296-2204-5546-6889,Bank of America
Damon,Velasquez,2004-07-06,"1775 Marc Junction, East Jacobland, MN 01940",048-031-8333,903-43-8926,565207,damonv@pseudo-ai.com,Administrative Assistant,842-07-7457,7961875748,8150-1694-7903-8108,Wells Fargo
Erika,Nelson,1997-11-16,"510 Robert Ramp Apt. 565, Juliefurt, HI 95721",714-399-7001,409-83-2082,629493,erikan@pseudo-ai.com,IT Support Specialist,084-94-2045,9306567461,7082-8732-1735-8179,Capital One
Robert,Bowen,2006-03-26,"118 Kim Mountains, South Jonathanhaven, MS 39649",145-552-6603,649-87-2584,725682,robertb@pseudo-ai.com,Robotics Engineer,885-78-5984,9206247044,7281-3148-9771-7576,US Bank
Jimmy,Foster,1996-12-15,"239 Elizabeth Walk Apt. 178, East Jacquelinefurt, SD 56158",274-039-2736,149-10-9406,934343,jimmyf@pseudo-ai.com,Automation Specialist,697-63-8841,1187704096,2396-2370-7001-8249,Bank of America
Kevin,James,2003-05-11,"57709 Rebecca Via, Derrickshire, ME 69463",405-693-8852,692-90-8570,717653,kevinj@pseudo-ai.com,Procurement Specialist,789-18-1325,9457395110,9241-3669-1182-2751,Wells Fargo
Michael,Reed,1977-10-29,"USNS Long, FPO AE 94851",560-575-5463,146-40-2637,625181,michaelr@pseudo-ai.com,Production Planner,443-27-7572,3499427324,1637-3254-2878-5973,Goldman Sachs
Rhonda,Horton,1986-09-30,"22264 Albert Pike, Cherylton, WA 37271",187-954-3105,619-54-7564,856556,rhondah@pseudo-ai.com,Accountant,095-13-4122,0645864006,5333-6285-3574-9250,Citibank
Christopher,Hughes,1971-02-28,"6081 Albert Inlet, Kellymouth, CT 66677",083-988-4995,378-78-7229,127534,christopherh@pseudo-ai.com,Control Systems Engineer,075-90-4297,5417012485,5997-1282-3510-1236,Morgan Stanley
Shelly,Montgomery,1977-08-27,"109 Edward Land Suite 468, Elizabethberg, DE 31318",416-027-9092,735-12-2443,505253,shellym@pseudo-ai.com,Accountant,864-71-9433,0182332457,1897-3602-2537-5310,Citibank
William,Long,2004-10-28,"087 Mary River Apt. 659, Port Wesley, MI 90719",182-769-0910,935-90-4592,103404,williaml@pseudo-ai.com,Warehouse Supervisor,265-81-3123,3676788482,7356-5602-7294-8674,Bank of America
Timothy,Hawkins,1984-11-24,"260 Jessica Route Apt. 963, Joshuaborough, DC 82840",628-295-5842,108-18-5331,863717,timothyh@pseudo-ai.com,Maintenance Technician,207-91-8146,2667249852,5179-7723-9954-4962,US Bank
Lauren,Everett,1996-01-20,"USNV Miller, FPO AE 39854",057-594-7863,237-66-6876,704421,laurene@pseudo-ai.com,Quality Assurance Specialist,689-72-2228,0135435620,8950-2643-6154-6460,Citibank
Jessica,Luna,2001-10-14,"217 Anthony Rapids, South Nicole, OH 96042",096-728-5975,391-13-6576,465422,jessical@pseudo-ai.com,Electrical Engineer,650-35-8500,8967863167,8925-6744-9116-2327,PNC Bank
Joshua,Reyes,1971-06-18,"511 Carroll Views, Port Teresaburgh, ID 70300",562-998-1693,157-99-7812,931900,joshuar@pseudo-ai.com,Compliance Officer,035-87-7925,3329309024,2015-1786-5141-8466,US Bank
Ashley,Torres,1961-04-01,"192 Anthony Valleys Suite 605, New Lauriechester, ID 16714",647-038-6338,465-80-2090,679799,ashleyt@pseudo-ai.com,Control Systems Engineer,169-28-7465,0756202816,4040-1904-8105-8186,Bank of America
Brenda,Allen,1959-01-08,"9272 Lauren Island, Port Brendaburgh, AR 01976",388-598-1010,131-13-7582,254922,brendaa@pseudo-ai.com,HR Manager,686-27-9208,2286361937,9925-6190-1182-5848,Goldman Sachs
Aaron,Larson,1971-01-18,"PSC 2454, Box 3044, APO AA 13801",879-543-7169,619-50-4999,205931,aaronl@pseudo-ai.com,Industrial Designer,255-35-0119,4932671274,8391-6246-3200-1349,Goldman Sachs
John,Romero,1985-02-27,"0230 Lee Heights, Kristinberg, MN 38780",052-988-0905,199-66-8861,365221,johnr@pseudo-ai.com,Accountant,167-65-1567,0153020299,7557-6366-6473-7289,Capital One
Jeremy,Strickland,1977-04-25,"8014 Travis Branch Apt. 509, Martinezfurt, AL 13316",135-689-0166,606-47-4838,272811,jeremys@pseudo-ai.com,Administrative Assistant,275-38-7019,9820164267,5687-8993-9442-2058,PNC Bank
Paul,Porter,1979-09-06,"369 Denise Mission Apt. 140, Parkerchester, CT 73817",977-480-3727,835-35-2407,711559,paulp@pseudo-ai.com,Mechanical Engineer,931-54-0811,5239572332,8851-8973-9768-5069,Wells Fargo
Michelle,Gomez,1961-10-30,"USCGC Carter, FPO AE 27765",757-587-5363,336-52-5365,535731,michelleg@pseudo-ai.com,Operations Manager,099-87-0522,2429582774,2002-7634-3143-2389,US Bank
Matthew,Marshall,1994-12-01,"0205 Meghan Forge, Danielleton, OR 82389",892-128-6959,600-88-2543,308496,matthewm@pseudo-ai.com,Logistics Manager,565-17-3371,0097298693,5121-1726-9262-6164,PNC Bank
Alec,Hernandez,1976-09-12,"163 Andrew Shores, Jameschester, MN 31778",488-043-1837,914-43-1073,975982,alech@pseudo-ai.com,IT Support Specialist,761-74-5225,9288129958,5573-4703-7238-8027,Capital One
Nicholas,Simmons,1960-08-02,"648 Martin Avenue Suite 637, Mullenville, DC 62822",284-306-8387,716-34-1904,916862,nicholass@pseudo-ai.com,Automation Specialist,497-59-0732,5034142828,1873-9526-4308-1898,JPMorgan Chase
Tony,Lucas,2000-03-10,"7559 Bright Groves, North Nathanton, NY 11563",632-220-9129,203-43-7253,571577,tonyl@pseudo-ai.com,Automation Specialist,373-11-2899,8266214650,7960-1637-2349-8064,Bank of America
Keith,Ayers,1976-06-08,"941 Barry Avenue Suite 269, Hollyfort, OR 81951",960-289-5011,323-28-3351,265670,keitha@pseudo-ai.com,Automation Specialist,115-09-6004,4769623868,8779-3124-3720-4528,Capital One
Leonard,Li,1973-11-27,"330 Louis Plaza Apt. 496, East Danielbury, MA 33286",376-990-6195,204-17-3933,416138,leonardl@pseudo-ai.com,Industrial Designer,797-61-5459,2708868007,5878-9368-9229-6088,JPMorgan Chase
Jessica,Richard,1983-04-06,"131 Russell Forest Apt. 736, Smithchester, NE 60632",167-140-9523,747-16-3749,928048,jessicar@pseudo-ai.com,Field Service Engineer,617-78-8940,5233483782,7763-8679-6452-9365,Wells Fargo
Jessica,Reed,1999-01-08,"USNS Norton, FPO AA 85432",809-365-6068,541-45-6628,546351,jessicar@pseudo-ai.com,Automation Specialist,096-14-2353,8297427034,6004-7533-5381-6609,Bank of America
Rodney,Bell,1976-10-02,"38347 Chad Tunnel, Lake Williamtown, NJ 70374",541-161-3830,487-83-5376,385452,rodneyb@pseudo-ai.com,IT Support Specialist,220-65-2149,6192270494,9129-2906-9733-3738,JPMorgan Chase
David,Roberts,1982-09-30,"90108 Jason Causeway, North Jeffrey, MD 56799",973-409-2290,911-97-2982,220415,davidr@pseudo-ai.com,Automation Specialist,961-41-7251,4447909177,9345-9304-1162-3524,Capital One
Kathryn,Barrett,1957-08-09,"3040 David Plains, Nicoleton, FL 73507",064-308-3109,854-72-9155,623999,kathrynb@pseudo-ai.com,Control Systems Engineer,115-45-5229,8235483304,8464-8584-4439-2197,Citibank
Lisa,Davis,1971-09-12,"333 Garcia Forges Suite 016, New Beverlyberg, IL 67460",460-891-7904,837-91-7705,988565,lisad@pseudo-ai.com,Compliance Officer,857-40-0957,8707772007,6755-1866-9112-2230,PNC Bank
Michele,Howe,1964-03-24,"5694 Erin Ports, Johnsonborough, NE 64928",468-886-9311,689-29-6717,361119,micheleh@pseudo-ai.com,Production Manager,877-09-3461,1460567714,4161-2356-8169-3276,Capital One
Wendy,Ortiz,1960-12-28,"310 Dominique Field Apt. 823, Kathleenmouth, NY 13388",629-497-3698,177-36-4396,379580,wendyo@pseudo-ai.com,Logistics Manager,332-55-2211,0432245957,8769-9427-9470-2718,Capital One
Daniel,Thomas,1991-11-17,"Unit 1138 Box 9253, DPO AA 89148",477-438-8612,544-14-4749,819843,danielt@pseudo-ai.com,Maintenance Technician,237-71-9535,1515621380,3556-6420-9929-4990,Goldman Sachs
Patrick,Clark,2002-08-01,"88359 Lisa Shore, Port Katieville, ID 13717",555-924-3327,536-98-9937,376797,patrickc@pseudo-ai.com,Cybersecurity Analyst,854-64-9532,5722675276,6871-4335-5928-4097,JPMorgan Chase
